{"cameraMode":{"drawMode":0,"name":"Shaded","section":"Shading Mode"},"sceneLighting":true,"audioPlay":false,"sceneViewState":{"showFog":true,"showMaterialUpdate":false,"showSkybox":true,"showFlares":true,"showImageEffects":true,"showParticleSystems":true},"in2DMode":false,"pivot":{"x":323.5538330078125,"y":1285.414306640625,"z":-981.1068115234375},"rotation":{"x":-0.10751834511756897,"y":-0.07211728394031525,"z":0.007823517546057701,"w":-0.9915737509727478},"size":172.664306640625,"orthographic":false}