{"cameraMode":{"drawMode":0,"name":"Shaded","section":"Shading Mode"},"sceneLighting":true,"audioPlay":false,"sceneViewState":{"showFog":true,"showMaterialUpdate":false,"showSkybox":true,"showFlares":true,"showImageEffects":true,"showParticleSystems":true},"in2DMode":false,"pivot":{"x":-3.447829246520996,"y":18.424070358276368,"z":1.0029163360595704},"rotation":{"x":-0.04079707711935043,"y":0.009589161723852158,"z":-0.0003918677393812686,"w":-0.9991379976272583},"size":9.978561401367188,"orthographic":false}